sample_file,dataset_label,source_category,recorded_model_prediction,recorded_tumor_probability,matches_dataset_label,original_test_path,sha256
regular_samples/01_no_tumor.jpg,no_tumor,notumor,no_tumor,0.32951754,True,data/test/no_tumor/notumor__Te-no_396__68c50d0be891.jpg,68c50d0be891e784f7dca8123b8c47824152b5de2c6e62675388b0c97f49fb9c
regular_samples/02_no_tumor.jpg,no_tumor,notumor,no_tumor,0.21727766,True,data/test/no_tumor/notumor__Te-no_152__9992b65d188a.jpg,9992b65d188a1316edcca1272833faa8c27ac2d4acf11c822d0f477974722be9
regular_samples/03_no_tumor.jpg,no_tumor,notumor,no_tumor,0.070427984,True,data/test/no_tumor/notumor__Te-no_111__b2294911cd2d.jpg,b2294911cd2da98ce460f115495f94ea25b1fca8fcd1375beb9f35cb118bb6c2
regular_samples/04_no_tumor.jpg,no_tumor,notumor,no_tumor,0.00015831407,True,data/test/no_tumor/notumor__Te-no_81__bd14ea171ca3.jpg,bd14ea171ca357ed6a4757207964945b655f74d787ce6f25920334045938f12e
regular_samples/05_no_tumor.jpg,no_tumor,notumor,no_tumor,2.4510841e-06,True,data/test/no_tumor/notumor__Te-no_227__e570da48807d.jpg,e570da48807d684524a9435e3fb9b5105907d651978599159e706bd7da28dede
regular_samples/06_no_tumor.jpg,no_tumor,notumor,no_tumor,0.004046757,True,data/test/no_tumor/notumor__Te-no_213__2ab3a688db57.jpg,2ab3a688db57e9a3254bcce98816ab1f595692507fdc67ff1f34115137d2deed
regular_samples/07_tumor_glioma.jpg,tumor,glioma,no_tumor,0.011193691,False,data/test/tumor/glioma__Te-gl_204__9c20281ccdd5.jpg,9c20281ccdd53888d2ebcecc9c71521ed2431500eb4448e1b63465c050a0e59f
regular_samples/08_tumor_glioma.jpg,tumor,glioma,tumor,0.99984765,True,data/test/tumor/glioma__Te-gl_165__e0ff0040d0c3.jpg,e0ff0040d0c3ccf69ec8553d478d2a05ff410a4aef84307da60234ccc942e4da
regular_samples/09_tumor_meningioma.jpg,tumor,meningioma,tumor,0.9996849,True,data/test/tumor/meningioma__Te-me_148__c318da0ad426.jpg,c318da0ad42624961d0eff66e5cb3c97bbc9e66df24a648ee1656d1a6cbeb2c8
regular_samples/10_tumor_meningioma.jpg,tumor,meningioma,tumor,0.9953524,True,data/test/tumor/meningioma__Te-me_88__9b292c3af154.jpg,9b292c3af1549b1bb39e933348947dddf7779f00e2ae6858bdae0d52d0ea5c2f
regular_samples/11_tumor_pituitary.jpg,tumor,pituitary,tumor,0.9998557,True,data/test/tumor/pituitary__Te-pi_140__0a8d5c25b532.jpg,0a8d5c25b5329d6ccda9bebab655de1592f075d45b91342d80b3778170a5402a
regular_samples/12_tumor_pituitary.jpg,tumor,pituitary,tumor,0.9997196,True,data/test/tumor/pituitary__Te-pi_373__8c7c069f8bad.jpg,8c7c069f8bad14d9379ab3e756382e898d432cae5a69654f783cbddbee482d52
known_mistakes/13_false_negative.jpg,tumor,glioma,no_tumor,0.48107934,False,data/test/tumor/glioma__Te-gl_102__4813552c8ef7.jpg,4813552c8ef708ff035ae325cc5c6086e3f33275677e785d7d66c6f36e94b63a
known_mistakes/14_false_positive.jpg,no_tumor,notumor,tumor,0.7786573,False,data/test/no_tumor/notumor__Te-no_121__0ac006822572.jpg,0ac00682257258ee21f7c81af7bc22efbbbb4385e67e4d005f2000ad3b85561b
